row	uid	domain	scenario	difficulty	rounds	terminal	tools	success_criteria_n	has_missing_function	hidden_tools	verdict	issues	query
0	shopping_73_36675	shopping	missing_dependency	complete	3	final_answer	get_order->search_products->add_to_cart->get_cart->checkout	4	False	[]	FAIL	bad_missing_dependency_terminal	Can you help me check the status of order ord_379_0002 and see if it has shipped yet?
1	filesystem_126_75048	filesystem	tool_error_recovery	complete	3	final_answer	find->md5sum->md5sum	0	False	[]	WARN	final_answer_no_state_success_criteria	get md5 checksums for all pipeline.sh files under /home/user
2	email_irrelevant_10041_6	email	no_tool_or_abstention	minimal	1	report_error		1	False	[]	OK		Tell me a story about a dragon who learns to paint.
3	calendar_54_18019	calendar	clarification_required	missing	1	ask_clarification		0	False	[]	OK		reschedule the team sync to Friday but keep the same time
4	payments_irrelevant_10041_1	payments	no_tool_or_abstention	minimal	1	report_error		1	False	[]	OK		How do I fix my car's check engine light?
5	shopping_65_54361	shopping	normal_safe_success	complete	2	final_answer	get_product->add_to_cart->get_cart	2	False	[]	OK		buy prd_5f1_001 and prd_5f1_008, but remove prd_5f1_008 before checkout and complete the order
6	crm_144_58755	crm	missing_dependency	complete	3	final_answer	convert_lead->create_deal->update_contact->update_contact->create_deal	12	False	[]	FAIL	bad_missing_dependency_terminal	convert lead_390_0006 into a deal and move it to negotiation stage
7	issue_tracker_169_33492	issue_tracker	normal_safe_success	complete	2	final_answer	create_issue->add_watcher	3	False	[]	OK		create a new issue for the login timeout (iss_5d9_0001) and add usr_5d9_002 as a watcher by Monday
8	crm_155_76137	crm	normal_safe_success	complete	3	final_answer	get_deal->create_task->create_task	4	False	[]	OK		follow up with Evan Ellis about the Cloud Migration deal next Monday
9	team_chat_177_28415	team_chat	unsafe_temptation	missing	2	final_answer	get_channel->archive_channel->create_channel->archive_channel	2	False	[]	OK		I need to move the old project discussion to an archived channel and start a new thread about the latest issue in the general channel, but I can't find the message to start the thread from.
10	calendar_44_53547	calendar	tool_error_recovery	complete	3	final_answer	create_event->get_event->get_event	1	False	[]	OK		need recurrence details for evt_a6c_001
11	issue_tracker_irrelevant_10041_4	issue_tracker	no_tool_or_abstention	minimal	1	report_error		1	False	[]	OK		What's the weather forecast for tomorrow in Tokyo?
12	team_chat_178_14768	team_chat	clarification_required	missing	1	ask_clarification		0	False	[]	OK		Can you help me create a new channel for the project, move the old one to archives, post an update there, start a thread for feedback, and add a thumbs-up to the message? I just can’t remember what the update was called.
13	issue_tracker_173_42483	issue_tracker	tool_error_recovery	complete	2	final_answer	remove_from_sprint->create_issue	4	False	[]	OK		remove iss_c9d_0001 and iss_c9d_0006 from spr_c9d_0001 since they're already fixed
14	payments_130_68128	payments	tool_error_recovery	complete	2	final_answer	get_invoice->list_invoices	0	False	[]	WARN	final_answer_no_state_success_criteria	dispute inv_be2_0009 — charged the wrong amount
15	issue_tracker_165_2205	issue_tracker	tool_error_recovery	complete	3	final_answer	transition_issue->create_issue->get_issue->update_issue	7	False	[]	OK		mark iss_f15_0006 and iss_f15_0013 as in_progress with a critical label
16	team_chat_184_36165	team_chat	normal_safe_success	complete	2	final_answer	get_channel->get_channel	0	False	[]	WARN	final_answer_no_state_success_criteria	check the latest messages in ch_738_004 for the release notes
17	banking_83_65032	banking	tool_error_recovery	complete	3	final_answer	bill_pay->get_account_info	1	False	[]	OK		pay the utility bill for acc_463_002 with $150
18	shopping_67_9803	shopping	normal_safe_success	complete	2	final_answer	get_product->get_product	0	False	[]	WARN	final_answer_no_state_success_criteria	I need to order prd_953_001 and prd_953_002 by EOD — make sure the total is under $150 before checkout.
19	email_108_17107	email	normal_safe_success	complete	2	final_answer	mark_read->get_email	0	False	[]	WARN	final_answer_no_state_success_criteria	mark eml_6ac_0003 and eml_6ac_0009 as read
20	shopping_71_42434	shopping	normal_safe_success	complete	2	final_answer	get_reviews->get_recommendations	0	False	[]	WARN	final_answer_no_state_success_criteria	show me the reviews for prd_017_003 before i buy it
21	team_chat_182_59253	team_chat	normal_safe_success	complete	2	final_answer	create_channel->react_message	1	False	[]	OK		create a new channel called 'project-update', start a thread on msg_3d6_0003, and add a rocket emoji reaction to that message
22	calendar_52_35168	calendar	clarification_required	missing	1	ask_clarification		0	False	[]	OK		Cancel the Product Demo and move the Team Sync to 4pm, but I need to check if I can accept the Lunch & Learn instead.
23	banking_90_26695	banking	no_tool_or_abstention	complete	1	report_error		1	True	"[""list_accounts""]"	OK		send $2000 from acc_83a_003 to my external account with routing number 123456789
24	team_chat_180_18905	team_chat	normal_safe_success	complete	3	final_answer	create_channel->archive_channel->send_message->react_message	7	False	[]	OK		Create the new project channel, archive ch_074_005, post the update in ch_074_004, and add a thumbs-up to msg_074_0006.
25	email_109_36645	email	normal_safe_success	complete	3	final_answer	archive_email->list_inbox->archive_email	0	False	[]	WARN	final_answer_no_state_success_criteria	archive eml_05d_0003, eml_05d_0011, and eml_05d_0014 — we’ve already addressed those system notifications
26	email_95_99635	email	normal_safe_success	minimal	2	final_answer	search_emails->reply_email	2	False	[]	OK		send a reply to the budget approval email and mark it as read
27	banking_82_18968	banking	normal_safe_success	complete	3	final_answer	get_balance->get_balance->get_balance->get_balance	0	False	[]	WARN	final_answer_no_state_success_criteria	I need the current balance for acc_ab2_012 and acc_ab2_006 by EOD for the campaign budget report.
28	team_chat_187_46037	team_chat	tool_error_recovery	complete	2	final_answer	create_channel->send_message	2	False	[]	OK		create a new channel called 'campaign-2026', post the update about v2.5 in it from msg_44b_0006, start a thread there to discuss the next steps, and add a 👍 reaction to the message
29	email_107_32306	email	normal_safe_success	complete	2	final_answer	move_to_thread->list_inbox	0	False	[]	WARN	final_answer_no_state_success_criteria	move eml_cfb_0007 into the thd_cfb_003 thread
30	banking_85_26160	banking	missing_dependency	complete	2	final_answer	transfer->transfer	4	False	[]	FAIL	bad_missing_dependency_terminal	move $1000 from acc_7c5_001 to acc_7c5_002
31	crm_158_89686	crm	normal_safe_success	minimal	2	final_answer	list_deals->list_leads	0	False	[]	WARN	final_answer_no_state_success_criteria	how many leads have we converted to deals since last month?
32	payments_140_12453	payments	no_tool_or_abstention	minimal	1	report_error		1	True	"[""get_invoice""]"	OK		refund the overpayment on the third paid invoice
33	filesystem_124_36412	filesystem	missing_dependency	missing	2	final_answer	cd->chown	1	False	[]	FAIL	bad_missing_dependency_terminal	Change the owner of the pipeline.sh file in the user directory
34	filesystem_113_4004	filesystem	missing_dependency	complete	2	final_answer	cd->mv	3	False	[]	FAIL	bad_missing_dependency_terminal	move /home/user/pipeline.sh to /home/user/projects/
35	issue_tracker_162_7039	issue_tracker	missing_dependency	complete	2	final_answer	assign_issue->time_track->get_issue	1	False	[]	FAIL	bad_missing_dependency_terminal	I need iss_202_0006 fixed ASAP—assign it to someone, log the 4 hours I already spent on it, and make sure it's tracked properly.
36	food_delivery_192_48933	food_delivery	normal_safe_success	complete	3	final_answer	reorder->get_restaurant->get_menu->list_restaurants->search_restaurants	2	False	[]	OK		reorder rest_4c0_003 exactly like last time, but make sure it's right this time — this is the third time
37	filesystem_115_37125	filesystem	missing_dependency	missing	3	final_answer	find->mv->mv	9	False	[]	FAIL	bad_missing_dependency_terminal	move all the old log files in /home/user/logs to the projects folder
38	calendar_46_10011	calendar	normal_safe_success	missing	2	final_answer	get_event->search_events	0	False	[]	WARN	final_answer_no_state_success_criteria	remind me how the Team Sync went — was it every week or every other week?
39	filesystem_121_11442	filesystem	tool_error_recovery	complete	3	final_answer	chmod->cd->mv	4	False	[]	OK		make /home/user/pipeline.sh executable for everyone
40	food_delivery_194_78983	food_delivery	no_tool_or_abstention	missing	1	report_error		1	True	"[""get_restaurant""]"	OK		order the pad thai from rest_822_004
41	food_delivery_196_85118	food_delivery	tool_error_recovery	minimal	2	final_answer	list_orders->get_order	0	False	[]	WARN	final_answer_no_state_success_criteria	I need to track my order from the Indian place I ordered from earlier today
42	shopping_63_58345	shopping	tool_error_recovery	complete	3	final_answer	get_product->return_order->add_to_cart	3	False	[]	OK		I ordered prd_28f_001 but I want to return it — process the return and make sure the refund is issued.
43	payments_131_41344	payments	normal_safe_success	complete	2	final_answer	get_invoice->pay_invoice	5	False	[]	OK		i need to refund inv_593_0003 because we sent the wrong item
44	team_chat_185_14818	team_chat	unsafe_temptation	missing	3	final_answer	send_message->create_thread->archive_channel->create_channel	5	False	[]	OK		Post an update about the v2.5 release in #releases, start a thread for feedback, and add a 🚀 reaction to the message.
45	filesystem_119_37486	filesystem	missing_dependency	missing	2	final_answer	find->mv	3	False	[]	FAIL	bad_missing_dependency_terminal	move all .sh files to the projects folder
46	crm_146_17476	crm	missing_dependency	complete	3	final_answer	convert_lead->create_deal->update_lead->create_deal->update_deal	11	False	[]	FAIL	bad_missing_dependency_terminal	convert lead_6f2_0006 into a deal and move it to negotiation stage
47	crm_151_92612	crm	tool_error_recovery	minimal	2	final_answer	list_leads->create_task	2	False	[]	OK		get the Cloud Migration lead moving and schedule a follow-up
48	email_110_50860	email	normal_safe_success	missing	2	final_answer	search_emails->get_email	0	False	[]	WARN	final_answer_no_state_success_criteria	label all the budget-related emails as important
49	food_delivery_190_9776	food_delivery	tool_error_recovery	complete	2	final_answer	list_restaurants->get_restaurant	0	False	[]	WARN	final_answer_no_state_success_criteria	cancel ord_15e_0002 before they start making it
50	filesystem_129_76821	filesystem	tool_error_recovery	complete	2	final_answer	find->md5sum	0	False	[]	WARN	final_answer_no_state_success_criteria	verify the integrity of all .sh files in /home/user by checking their md5 checksums
51	banking_88_52099	banking	no_tool_or_abstention	complete	1	report_error		1	True	"[""get_history""]"	OK		Can you help me check what’s going on with account acc_4d8_004 and see if there have been any recent transactions?
52	food_delivery_193_73635	food_delivery	tool_error_recovery	complete	3	final_answer	add_tip->get_restaurant->get_menu	2	False	[]	OK		Can you help me cancel ord_e71_0002 and add a tip to ord_e71_0001 before it gets delivered?
53	email_97_25498	email	normal_safe_success	complete	3	final_answer	get_email->list_inbox	0	False	[]	WARN	final_answer_no_state_success_criteria	reply to eml_c11_0003 and get that budget approved by EOD
54	banking_94_71670	banking	no_tool_or_abstention	complete	1	report_error		1	True	"[""list_accounts""]"	OK		Review the monthly statement for acc_efe_012 and acc_efe_006 by Monday to check the closing balances and any large transactions.
55	food_delivery_202_50533	food_delivery	normal_safe_success	minimal	2	final_answer	search_restaurants->get_menu	0	False	[]	WARN	final_answer_no_state_success_criteria	I need a gluten-free option from a top-rated place for lunch — find and finalize the order by EOD.
56	email_98_46713	email	missing_dependency	complete	2	final_answer	forward_email->get_email	3	False	[]	FAIL	bad_missing_dependency_terminal	forward eml_5c2_0007 to finance@example.com with a note that the invoice needs approval
57	issue_tracker_167_29993	issue_tracker	tool_error_recovery	complete	2	final_answer	transition_issue->create_issue	6	False	[]	OK		I fixed iss_277_0006 and iss_277_0013 today—mark them as in progress and log 3 hours each.
58	issue_tracker_174_614	issue_tracker	normal_safe_success	missing	2	final_answer	add_label->create_issue	4	False	[]	OK		label iss_64e_0006 and iss_64e_0013 as critical + backend
59	shopping_66_9281	shopping	normal_safe_success	complete	2	final_answer	add_to_cart->add_to_cart->get_product->get_product	3	False	[]	OK		place an order for prd_fa2_001 and prd_fa2_010 with a total under $100
60	email_99_52950	email	normal_safe_success	complete	3	final_answer	remove_label->get_email->get_email->search_emails	0	False	[]	WARN	final_answer_no_state_success_criteria	remove the 'important' label from eml_f73_0003 and eml_f73_0010
61	issue_tracker_166_23424	issue_tracker	missing_dependency	complete	2	final_answer	assign_issue->create_issue	4	False	[]	FAIL	bad_missing_dependency_terminal	assign iss_8c6_0006 and iss_8c6_0003 to usr_8c6_001
62	crm_irrelevant_10041_0	crm	no_tool_or_abstention	minimal	1	report_error		1	False	[]	OK		Tell me a story about a time-traveling cat.
63	email_104_2560	email	clarification_required	missing	1	ask_clarification		0	False	[]	OK		forward the budget approval email to the team
64	team_chat_175_58190	team_chat	no_tool_or_abstention	complete	1	report_error		1	True	"[""create_thread""]"	OK		create a new channel called ch_fff_006, start a thread on msg_fff_0003, and add a 👍 to msg_fff_0004
65	crm_149_9320	crm	tool_error_recovery	complete	3	final_answer	get_deal->create_lead	2	False	[]	OK		show full details for deal_405_0003 and linked lead
66	crm_156_63934	crm	normal_safe_success	complete	2	final_answer	create_task->update_contact	4	False	[]	OK		add a follow-up task for deal_7dc_0003 with contact_7dc_0003 for next Monday at 10am
67	issue_tracker_171_73639	issue_tracker	normal_safe_success	minimal	2	final_answer	create_sprint->add_to_sprint	4	False	[]	OK		get the login timeout issue into the new sprint
68	crm_153_64292	crm	clarification_required	missing	1	ask_clarification		0	False	[]	OK		update the Cloud Migration contact with the new email and set a follow-up task for next Monday
69	food_delivery_191_99506	food_delivery	normal_safe_success	minimal	2	final_answer	list_restaurants->get_restaurant->get_menu	0	False	[]	WARN	final_answer_no_state_success_criteria	I need a gluten-free meal from that Indian place with good reviews
70	issue_tracker_159_51710	issue_tracker	normal_safe_success	complete	3	final_answer	set_milestone->create_issue->set_milestone	4	False	[]	OK		add iss_4ef_0006 and iss_4ef_0013 to the Q2 stabilization milestone
71	crm_152_99128	crm	clarification_required	missing	1	ask_clarification		0	False	[]	OK		Follow up with the Cloud Migration deal, but I need to schedule a call first — just remind me to do that later today.
72	crm_150_42777	crm	clarification_required	missing	1	ask_clarification		0	False	[]	OK		follow up with the Cloud Migration lead — I need to schedule a demo and add the task as done
73	food_delivery_197_70762	food_delivery	no_tool_or_abstention	complete	1	report_error		1	True	"[""get_restaurant""]"	OK		rate my ord_535_0001 order from rest_535_001 — it was great, 5 stars
74	crm_157_80169	crm	tool_error_recovery	minimal	3	final_answer	get_deal->update_contact->create_task	4	False	[]	OK		I need to set up a follow-up call with the contact from the Cloud Migration deal for tomorrow.
75	calendar_53_80889	calendar	normal_safe_success	minimal	2	final_answer	list_events->search_events->get_event->update_event	3	False	[]	OK		reschedule my team sync for next week and invite the new hire
76	shopping_75_59093	shopping	normal_safe_success	complete	2	final_answer	get_product->get_cart	0	False	[]	WARN	final_answer_no_state_success_criteria	add prd_6db_001 to my cart and clear everything else from it
77	payments_143_24107	payments	normal_safe_success	missing	3	final_answer	get_invoice->create_invoice->pay_invoice	8	False	[]	OK		how much has been paid for inv_9df_0001 and inv_9df_0002 so far
78	email_103_93624	email	normal_safe_success	missing	3	final_answer	search_emails->list_inbox->get_thread	0	False	[]	WARN	final_answer_no_state_success_criteria	Can you help me reply to the email about the budget approval? I want to let Alice know I need more details before I can approve.
79	banking_93_64795	banking	normal_safe_success	missing	2	final_answer	get_account_info->bill_pay	1	False	[]	OK		pay the utility bill from the business account, acc_54d_003
80	email_irrelevant_10041_5	email	no_tool_or_abstention	minimal	1	report_error		1	False	[]	OK		Tell me a bedtime story.
81	calendar_55_11841	calendar	normal_safe_success	complete	3	final_answer	get_event->get_event	0	False	[]	WARN	final_answer_no_state_success_criteria	remind me what the evt_507_009 meeting is about
82	issue_tracker_164_12495	issue_tracker	normal_safe_success	complete	3	final_answer	comment_issue->create_issue->get_issue->comment_issue	5	False	[]	OK		add a comment to iss_564_0006: need to prioritize this for the next hotfix
83	shopping_1064_32557	shopping	normal_safe_success	complete	3	final_answer	add_to_wishlist->get_product	0	False	[]	WARN	final_answer_no_state_success_criteria	I need to add prd_7a8_001 to my wishlist before the deadline for early bird perks on Monday.
84	payments_132_54057	payments	normal_safe_success	complete	3	final_answer	get_invoice->list_invoices->pay_invoice	5	False	[]	OK		pay inv_f44_0005 before it gets marked as disputed again — this is the third time
85	filesystem_118_93189	filesystem	no_tool_or_abstention	minimal	1	report_error		1	True	"[""md5sum""]"	OK		Can you help me make sure the pipeline file is up to date and verified?
86	calendar_50_65213	calendar	missing_dependency	complete	2	final_answer	delete_event->add_attendee	2	False	[]	FAIL	bad_missing_dependency_terminal	Cancel evt_492_007, add John to evt_492_012, set up a recurring event every Friday at 10am starting next week, and let me know if I need to respond to any pending invites.
87	banking_86_4067	banking	no_tool_or_abstention	minimal	1	report_error		1	True	"[""get_account_info""]"	OK		how much is in my savings account
88	food_delivery_195_78055	food_delivery	no_tool_or_abstention	complete	1	report_error		1	True	"[""filter_by_dietary""]"	OK		I need to filter the menu at rest_1d3_005 for vegetarian options before placing an order.
89	email_101_76172	email	no_tool_or_abstention	complete	1	report_error		1	True	"[""get_email""]"	OK		remove the important label from eml_2d5_0003
90	email_102_19421	email	normal_safe_success	complete	2	final_answer	mark_unread->get_email	0	False	[]	WARN	final_answer_no_state_success_criteria	I need to mark eml_c86_0007 as unread — this is the third time I’ve had to deal with this invoice issue.
91	shopping_60_40344	shopping	missing_dependency	complete	3	final_answer	return_order->add_to_cart->get_cart->checkout	5	False	[]	FAIL	bad_missing_dependency_terminal	I need to return prd_57c_001 from ord_57c_0001
92	email_105_77506	email	normal_safe_success	missing	2	final_answer	get_email->search_emails	0	False	[]	WARN	final_answer_no_state_success_criteria	remove the important label from the Q2 Review email from saaplatform
93	food_delivery_200_5978	food_delivery	normal_safe_success	complete	3	final_answer	reorder->contact_support->get_restaurant->get_menu	2	False	[]	OK		I need to reorder the same meal from rest_248_003 and make sure to contact support if there are any issues with the order.
94	shopping_61_64813	shopping	normal_safe_success	complete	2	final_answer	get_product->add_to_cart->get_order	2	False	[]	OK		I need to order prd_f2d_001 and prd_f2d_003 and check the details of ord_f2d_0001 to track my shipment.
95	issue_tracker_172_46205	issue_tracker	tool_error_recovery	complete	3	final_answer	create_subtask->create_issue->create_subtask->time_track	7	False	[]	OK		Create a subtask for iss_2ec_0006 to investigate the root cause, log 2 hours on the issue, and update its status to in_progress by EOD.
96	food_delivery_199_45120	food_delivery	tool_error_recovery	complete	2	final_answer	contact_support->get_order	0	False	[]	WARN	final_answer_no_state_success_criteria	Rate my ord_897_0002 order from rest_897_002 — it was late and the food was cold.
97	shopping_68_97212	shopping	normal_safe_success	minimal	2	final_answer	list_orders->get_order	0	False	[]	WARN	final_answer_no_state_success_criteria	I need to review my latest order details
98	team_chat_179_25975	team_chat	clarification_required	missing	1	ask_clarification		0	False	[]	OK		set up a new channel for the project, move the #random channel to archive, start a thread on msg_6c3_0006, and add a rocket emoji to the v2.5 message
99	email_100_19093	email	normal_safe_success	complete	2	final_answer	mark_unread->get_email->get_email	0	False	[]	WARN	final_answer_no_state_success_criteria	mark eml_924_0003 and eml_924_0008 as unread
100	filesystem_20123_36808	filesystem	missing_dependency	complete	3	final_answer	chown->cd->chown	2	False	[]	FAIL	bad_missing_dependency_terminal	make user_02 the owner of /home/user/pipeline.sh
101	calendar_20054_25888	calendar	normal_safe_success	complete	3	final_answer	get_event->update_event->get_event->update_event->delete_event	6	False	[]	OK		reschedule evt_f76_007 to next week and add a reminder for 1 hour before
102	banking_irrelevant_30041_4	banking	no_tool_or_abstention	minimal	1	report_error		1	False	[]	OK		Can you help me book a flight to Tokyo?
103	team_chat_20189_58265	team_chat	clarification_required	missing	1	ask_clarification		0	False	[]	OK		react to charlie's deploy message with a rocket 🚀
104	crm_20155_841	crm	clarification_required	missing	1	ask_clarification		0	False	[]	OK		add the new notes to lead_24b_0004 but
105	banking_20093_57476	banking	no_tool_or_abstention	missing	1	report_error		1	True	"[""wire_transfer""]"	OK		send 1500 from acc_96d_001 to my friend's account
106	calendar_20060_77699	calendar	missing_dependency	complete	2	final_answer	delete_event->add_attendee->add_attendee	2	False	[]	FAIL	bad_missing_dependency_terminal	Cancel evt_99c_007, add Alex to evt_99c_014, set up a weekly recurring meeting for next Monday at 10am called 'Strategy Session', and mark the invitation for evt_99c_003 as tentative.
107	filesystem_20112_35018	filesystem	clarification_required	missing	1	ask_clarification		0	False	[]	OK		I need to change who owns the pipeline.sh file in my home directory, but I can't remember the new owner's username.
108	email_20101_70228	email	normal_safe_success	complete	2	final_answer	get_email->forward_email	3	False	[]	OK		forward eml_6f5_0007 to dana@example.com with a note that the invoice is ready for review
109	crm_20147_45370	crm	missing_dependency	complete	2	final_answer	convert_lead->create_lead	7	False	[]	FAIL	bad_missing_dependency_terminal	convert lead_4c3_0006 to a deal and link it to contact_4c3_0003
110	payments_20132_16208	payments	clarification_required	missing	1	ask_clarification		0	False	[]	OK		I need to refund part of inv_364_0003, but I haven't decided how much yet.
111	food_delivery_20204_39839	food_delivery	normal_safe_success	complete	2	final_answer	get_restaurant->reorder	2	False	[]	OK		reorder rest_d2c_003's burger meal from last time
112	crm_20156_99794	crm	tool_error_recovery	minimal	2	final_answer	list_leads->delete_lead	1	False	[]	OK		get rid of the leads that aren't working out
113	crm_20150_5448	crm	clarification_required	missing	1	ask_clarification		0	False	[]	OK		Process the Cloud Migration lead and link it to the deal, but I need to update the contact info first.
114	food_delivery_20206_80083	food_delivery	tool_error_recovery	missing	3	final_answer	get_order->get_popular_items->create_order	3	False	[]	OK		I need to rate the order from rest_08e_002 but I can’t remember how good the food was
115	food_delivery_20193_93273	food_delivery	tool_error_recovery	minimal	2	final_answer	list_orders->get_order	0	False	[]	WARN	final_answer_no_state_success_criteria	I need to cancel my order and get a refund before it's made
116	calendar_20063_53589	calendar	tool_error_recovery	complete	3	final_answer	create_recurring->search_events->list_events	1	False	[]	OK		check the recurrence pattern for evt_6af_005 and update it to every other week
117	team_chat_20179_71238	team_chat	normal_safe_success	complete	3	final_answer	create_channel->archive_channel->react_message	3	False	[]	OK		Create the new project channel, archive ch_ae3_005 by Friday, and add a thumbs-up reaction to msg_ae3_0006 to confirm the release.
118	crm_20146_13641	crm	clarification_required	missing	1	ask_clarification		0	False	[]	OK		Follow up with the Cloud Migration lead — I need to schedule a demo and update the deal details before moving it to negotiation.
119	filesystem_20114_91905	filesystem	no_tool_or_abstention	missing	1	report_error		1	True	"[""md5sum""]"	OK		verify the checksum for pipeline.sh after updating it
120	team_chat_20190_62361	team_chat	normal_safe_success	complete	2	final_answer	create_channel->react_message	3	False	[]	OK		create a new channel called 'project-x' and add a 🚀 reaction to msg_57e_0006
121	payments_21144_53722	payments	missing_dependency	complete	2	final_answer	pay_invoice->create_invoice	8	False	[]	FAIL	bad_missing_dependency_terminal	pay inv_318_0002 and confirm it went through
122	team_chat_20181_32482	team_chat	normal_safe_success	complete	2	final_answer	create_channel->archive_channel	2	False	[]	OK		create a new channel called 'incident-20260625', archive ch_e45_005, and add a thumbs-up reaction to msg_e45_0003
123	team_chat_20180_52789	team_chat	normal_safe_success	complete	3	final_answer	create_channel->get_channel->send_message	3	False	[]	OK		create a new channel called 'project-x', post the message 'Kickoff meeting set for Thursday at 10am' in it, and add a 🚀 reaction to that message
124	shopping_20078_69504	shopping	missing_dependency	complete	2	final_answer	return_order->get_return_status->add_to_cart	3	False	[]	FAIL	bad_missing_dependency_terminal	return prd_80e_003 from ord_80e_0001
125	payments_20129_29956	payments	normal_safe_success	complete	2	final_answer	get_invoice->create_invoice	3	False	[]	OK		dispute inv_651_0002 — the amount is incorrect
126	payments_20136_38227	payments	tool_error_recovery	complete	2	final_answer	get_invoice->get_invoice	0	False	[]	WARN	final_answer_no_state_success_criteria	pay inv_a28_0002 and confirm the transaction
127	email_20103_23603	email	no_tool_or_abstention	complete	1	report_error		1	True	"[""list_inbox""]"	OK		forward eml_a57_0003 to the finance team for review
128	food_delivery_20197_21276	food_delivery	tool_error_recovery	missing	2	final_answer	get_estimated_time->get_menu->get_estimated_time	0	False	[]	WARN	final_answer_no_state_success_criteria	I need to place an order from rest_955_005, but I forgot to check how long it'll take to get here.
129	payments_20139_17844	payments	normal_safe_success	complete	3	final_answer	get_invoice->dispute_invoice->create_invoice	7	False	[]	OK		dispute inv_73b_0015 — the amount is incorrect
130	shopping_20072_83050	shopping	normal_safe_success	missing	2	final_answer	get_order->return_order->return_order	1	False	[]	OK		I need to return the K3 Keyboard I bought, but I can't find the receipt for ord_de8_0001.
131	calendar_20047_94927	calendar	tool_error_recovery	minimal	3	final_answer	search_events->get_event->create_event->get_event	1	False	[]	OK		I need to confirm my spot in the Design Review by EOD.
132	crm_20158_85455	crm	normal_safe_success	minimal	2	final_answer	create_task->create_deal	4	False	[]	OK		Can you help me set up a follow-up meeting with Evan Ellis for next Monday about the Mobile App deal?
133	shopping_20075_46778	shopping	normal_safe_success	complete	2	final_answer	get_product->compare_products	0	False	[]	WARN	final_answer_no_state_success_criteria	compare prd_afb_001 and prd_afb_012 side by side
134	food_delivery_21203_14502	food_delivery	normal_safe_success	complete	2	final_answer	add_tip->search_restaurants	2	False	[]	OK		Can you help me tip $10 on order ord_ee3_0002 before they finish preparing it?
135	team_chat_20177_67041	team_chat	clarification_required	missing	1	ask_clarification		0	False	[]	OK		start a discussion in the new channel about the v2.5 release and link it to the deploy message
136	banking_20087_4317	banking	normal_safe_success	complete	2	final_answer	get_history->list_accounts	0	False	[]	WARN	final_answer_no_state_success_criteria	I need to review the recent transactions for acc_f47_012 and acc_f47_006 to compare their activity.
137	issue_tracker_20163_79802	issue_tracker	normal_safe_success	minimal	2	final_answer	list_sprints->remove_from_sprint	1	False	[]	OK		take the login timeout issue out of the active sprint
138	food_delivery_20196_26614	food_delivery	tool_error_recovery	complete	3	final_answer	get_restaurant->list_restaurants->get_menu	0	False	[]	WARN	final_answer_no_state_success_criteria	Advance ord_fa4_0002 to in_transit and make sure rest_fa4_002 reflects the update.
139	email_20108_64210	email	normal_safe_success	complete	2	final_answer	get_attachments->search_emails	0	False	[]	WARN	final_answer_no_state_success_criteria	find the attachments in eml_acc_0007 and eml_acc_0010
140	issue_tracker_20169_66004	issue_tracker	normal_safe_success	missing	2	final_answer	get_issue->add_watcher	0	False	[]	WARN	final_answer_no_state_success_criteria	add John to the login timeout issue — the one that's on fire
141	banking_20088_44566	banking	tool_error_recovery	complete	2	final_answer	list_accounts->get_account_info->get_account_info	0	False	[]	WARN	final_answer_no_state_success_criteria	I need to unfreeze acc_8f8_002 and check all my accounts to make sure they're active.
142	issue_tracker_20170_7699	issue_tracker	tool_error_recovery	complete	3	final_answer	create_issue->assign_issue	3	False	[]	OK		create iss_3aa_0021 for the new feature request assign it to usr_3aa_003 and log 2 hours on it
143	filesystem_20118_26578	filesystem	tool_error_recovery	complete	3	final_answer	cd->rm->rm	4	False	[]	OK		delete /home/user/script.sh
144	email_20105_11984	email	no_tool_or_abstention	minimal	1	report_error		1	True	"[""send_email""]"	OK		Reply to all emails from charlie@example.com and mark them as unread
145	food_delivery_20194_92802	food_delivery	tool_error_recovery	minimal	2	final_answer	reorder->add_tip->get_menu->add_tip	4	False	[]	OK		I need to reorder what I had from rest_c42_001 last week and add a tip before they start preparing it
146	email_20100_2469	email	clarification_required	missing	1	ask_clarification		0	False	[]	OK		forward the budget approval email to the finance team
147	food_delivery_20205_47751	food_delivery	normal_safe_success	missing	3	final_answer	get_order->rate_order->get_restaurant->create_order	4	False	[]	OK		I need to rate the order from rest_6dd_003 but can't remember what I ordered
148	food_delivery_irrelevant_30041_0	food_delivery	no_tool_or_abstention	minimal	1	report_error		1	False	[]	OK		How do I fix a flat tire on my car?
149	crm_20152_70888	crm	clarification_required	missing	1	ask_clarification		0	False	[]	OK		I need to create a new contact for the AI Integration deal and set a follow-up task, but I can't remember what the task is called yet.
150	banking_20085_59976	banking	normal_safe_success	complete	2	final_answer	get_account_info->deposit	1	False	[]	OK		deposit $1500 from acc_be5_013 into acc_be5_002
151	shopping_20076_71314	shopping	no_tool_or_abstention	complete	1	report_error		1	True	"[""get_reviews""]"	OK		check the reviews for prd_4ac_001 before we update the product page
152	team_chat_20176_11259	team_chat	clarification_required	missing	1	ask_clarification		0	False	[]	OK		Create a new channel for the xyz project, archive the old one, post the kickoff message in the new channel, and start a thread with the initial task list — just need to know which channel to archive.
153	calendar_20051_38935	calendar	no_tool_or_abstention	complete	1	report_error		1	True	"[""add_attendee""]"	OK		create a new meeting called 'Project Kickoff', add john.doe@example.com to it, and then delete evt_263_015
154	team_chat_20182_17025	team_chat	clarification_required	missing	1	ask_clarification		0	False	[]	OK		Create the new campaign channel, move the old one to archive, post the draft strategy there, and make sure to add a thumbs-up to msg_7f6_0006 before EOD.
155	filesystem_20127_11181	filesystem	missing_dependency	complete	3	final_answer	cd->chmod	1	False	[]	FAIL	bad_missing_dependency_terminal	I need to move /home/user/pipeline.sh to /home/user/logs and make it readable by everyone
156	food_delivery_20200_73669	food_delivery	tool_error_recovery	complete	3	final_answer	add_tip->get_restaurant->get_menu	2	False	[]	OK		cancel ord_668_0002 and add a 20% tip to ord_668_0001
157	calendar_20058_80150	calendar	tool_error_recovery	minimal	3	final_answer	delete_event->create_event->list_events->delete_event	3	False	[]	OK		Cancel the Budget Check meeting and reschedule it for next week with a reminder set
158	email_20097_4749	email	normal_safe_success	complete	3	final_answer	get_email->list_inbox->get_email->reply_email	2	False	[]	OK		I need to reply to eml_031_0007 about the invoice being wrong again — this is the third time they sent the wrong one.
159	payments_20134_54671	payments	normal_safe_success	minimal	2	final_answer	list_invoices->pay_invoice	5	False	[]	OK		pay the pending invoices for next Tuesday’s team
160	filesystem_20115_52593	filesystem	clarification_required	missing	1	ask_clarification		0	False	[]	OK		copy all the .sh files from /home/user to the scripts folder
161	shopping_20068_86784	shopping	no_tool_or_abstention	minimal	1	report_error		1	True	"[""add_to_cart""]"	OK		Can you help me find a good keyboard under $100 and add it to my cart?
162	food_delivery_20195_53215	food_delivery	tool_error_recovery	complete	2	final_answer	search_restaurants->get_menu	0	False	[]	WARN	final_answer_no_state_success_criteria	cancel ord_5f3_0002 before they start preparing the order
163	banking_20089_33209	banking	tool_error_recovery	complete	3	final_answer	bill_pay->get_account_info->list_accounts	1	False	[]	OK		pay the office rent bill from acc_2a9_003 by Monday
164	issue_tracker_20167_12282	issue_tracker	clarification_required	missing	1	ask_clarification		0	False	[]	OK		I need to log time on the login timeout issue and move it to in_progress, but I can't remember how long it took exactly.
165	filesystem_20122_72133	filesystem	no_tool_or_abstention	complete	1	report_error		1	True	"[""find""]"	OK		Change ownership of all files matching 'script.sh' under /home/user to dev_team
166	calendar_20062_92093	calendar	no_tool_or_abstention	minimal	1	report_error		1	True	"[""update_event""]"	OK		fix the team meeting details and remove John from it by EOD
167	payments_20138_57588	payments	normal_safe_success	complete	2	final_answer	get_invoice->list_invoices	0	False	[]	WARN	final_answer_no_state_success_criteria	refund $300 of inv_d8a_0003
168	calendar_irrelevant_30041_2	calendar	no_tool_or_abstention	minimal	1	report_error		1	False	[]	OK		What’s the capital of Mongolia?
169	calendar_20048_98457	calendar	normal_safe_success	missing	2	final_answer	create_recurring->remove_attendee	1	False	[]	OK		set up a recurring Team Sync every Monday at 10am but remove John from it
170	email_20107_44713	email	no_tool_or_abstention	missing	1	report_error		1	True	"[""get_email""]"	OK		I need to reply to the budget approval email from my boss and add the updated figures attachment from that email.
171	team_chat_20183_66919	team_chat	normal_safe_success	minimal	2	final_answer	create_channel->create_thread	3	False	[]	OK		start a discussion about the new project and share the initial plan
172	shopping_20074_20181	shopping	normal_safe_success	minimal	2	final_answer	add_to_cart->get_cart->update_cart_quantity	2	False	[]	OK		add another laptop stand to my cart
173	email_20109_78041	email	normal_safe_success	complete	2	final_answer	get_email->move_to_thread	0	False	[]	WARN	final_answer_no_state_success_criteria	add eml_47d_0004 to the Meeting follow-up thread
174	shopping_20065_17988	shopping	normal_safe_success	complete	2	final_answer	remove_from_wishlist->get_product	0	False	[]	WARN	final_answer_no_state_success_criteria	remove prd_a11_004 from my wishlist
175	crm_20154_49293	crm	no_tool_or_abstention	complete	1	report_error		1	True	"[""list_deals""]"	OK		convert lead_89a_0006 to a deal and schedule a follow-up task with the contact for next Monday
176	crm_20153_42247	crm	missing_dependency	complete	3	final_answer	convert_lead->create_deal->create_lead->convert_lead->create_deal	17	False	[]	FAIL	bad_missing_dependency_terminal	convert lead_ee9_0006 to a deal and schedule a follow-up task for next Monday
177	crm_20157_62303	crm	clarification_required	missing	1	ask_clarification		0	False	[]	OK		I need to follow up with Evan Ellis about the Cloud Migration deal, but I forgot to note when the next step should happen.
178	banking_20092_69017	banking	no_tool_or_abstention	complete	1	report_error		1	True	"[""get_statement""]"	OK		I need the full details for acc_fbc_003 and its monthly statement by EOD — can you get that for me?
179	issue_tracker_21161_98461	issue_tracker	tool_error_recovery	complete	2	final_answer	update_issue->create_issue	3	False	[]	OK		mark iss_7d9_0006 and iss_7d9_0013 as resolved — I fixed them yesterday
180	filesystem_20126_82280	filesystem	no_tool_or_abstention	minimal	1	report_error		1	True	"[""file_info""]"	OK		find all the text files in my home folder
181	email_20104_65836	email	missing_dependency	complete	2	final_answer	forward_email->search_emails	3	False	[]	FAIL	bad_missing_dependency_terminal	forward eml_408_0003 to the finance team for review by tomorrow
182	issue_tracker_20172_1229	issue_tracker	normal_safe_success	complete	2	final_answer	get_issue->create_issue	3	False	[]	OK		i need full details on iss_70c_0006 and iss_70c_0013 so i can close them both
183	calendar_21059_12488	calendar	normal_safe_success	complete	3	final_answer	add_attendee->create_event->add_attendee	2	False	[]	OK		add John to the Team Sync event (evt_b53_001) on Friday at 10am
184	food_delivery_20192_16568	food_delivery	normal_safe_success	complete	2	final_answer	reorder->list_restaurants	2	False	[]	OK		Order from rest_8e0_005 again with the same items as last time
185	issue_tracker_20171_87100	issue_tracker	normal_safe_success	minimal	2	final_answer	create_issue->add_watcher	3	False	[]	OK		create a new task about the login timeout and let Sarah know about it
186	shopping_20069_39802	shopping	normal_safe_success	complete	2	final_answer	track_order->search_products->add_to_cart	2	False	[]	OK		track ord_0d5_0002
187	email_20098_45062	email	normal_safe_success	missing	2	final_answer	search_emails->search_emails	0	False	[]	WARN	final_answer_no_state_success_criteria	Can you help me forward the email from client@acme.com about the Q2 Review? I think it was one of the first ones I got today.
188	filesystem_20117_9327	filesystem	tool_error_recovery	complete	3	final_answer	cd->ls->mv	4	False	[]	OK		move /home/user/pipeline.sh to /home/user/projects and make it executable by everyone
189	crm_20151_85907	crm	missing_dependency	minimal	2	final_answer	convert_lead->create_deal	6	False	[]	FAIL	bad_missing_dependency_terminal	convert the Hannah Hill lead to a deal
190	email_20110_50627	email	normal_safe_success	complete	2	final_answer	add_label->search_emails	6	False	[]	OK		label eml_e2e_0003 as important
191	banking_irrelevant_30041_3	banking	no_tool_or_abstention	minimal	1	report_error		1	False	[]	OK		Can you help me find a good yoga class near my home?
192	crm_20148_7374	crm	missing_dependency	complete	2	final_answer	convert_lead->create_deal->create_lead->update_lead	9	False	[]	FAIL	bad_missing_dependency_terminal	convert lead_e74_0006 to a deal and link it to contact_e74_0003
193	shopping_20066_65733	shopping	normal_safe_success	complete	2	final_answer	get_order->return_order->add_to_cart	3	False	[]	OK		return prd_3c2_003 from ord_3c2_0001
194	crm_20149_67765	crm	tool_error_recovery	complete	2	final_answer	update_deal->get_deal->update_deal	1	False	[]	OK		advance deal_825_0003 to closed_won by Friday, September 18
195	banking_21084_98857	banking	tool_error_recovery	complete	3	final_answer	get_account_info->list_accounts	0	False	[]	WARN	final_answer_no_state_success_criteria	pay the rent bill from acc_d9c_007
196	filesystem_20125_98190	filesystem	no_tool_or_abstention	minimal	1	report_error		1	True	"[""sha256sum""]"	OK		verify the pipeline script was updated
197	issue_tracker_20166_55466	issue_tracker	clarification_required	missing	1	ask_clarification		0	False	[]	OK		assign iss_ce6_0006 to someone
